ID,Chessboard BG,Tile BG,Font,Frame,Combination
1,A,A,A,A,AAAA
2,A,A,A,B,AAAB
3,A,A,A,C,AAAC
4,A,A,A,D,AAAD
5,A,A,A,E,AAAE
6,A,A,B,A,AABA
7,A,A,B,B,AABB
8,A,A,B,C,AABC
9,A,A,B,D,AABD
10,A,A,B,E,AABE
11,A,A,C,A,AACA
12,A,A,C,B,AACB
13,A,A,C,C,AACC
14,A,A,C,D,AACD
15,A,A,C,E,AACE
16,A,A,D,A,AADA
17,A,A,D,B,AADB
18,A,A,D,C,AADC
19,A,A,D,D,AADD
20,A,A,D,E,AADE
21,A,A,E,A,AAEA
22,A,A,E,B,AAEB
23,A,A,E,C,AAEC
24,A,A,E,D,AAED
25,A,A,E,E,AAEE
26,A,A,K,K,AAKK
27,A,A,L,L,AALL
28,A,B,A,A,ABAA
29,A,B,A,B,ABAB
30,A,B,A,C,ABAC
31,A,B,A,D,ABAD
32,A,B,A,E,ABAE
33,A,B,B,A,ABBA
34,A,B,B,B,ABBB
35,A,B,B,C,ABBC
36,A,B,B,D,ABBD
37,A,B,B,E,ABBE
38,A,B,C,A,ABCA
39,A,B,C,B,ABCB
40,A,B,C,C,ABCC
41,A,B,C,D,ABCD
42,A,B,C,E,ABCE
43,A,B,D,A,ABDA
44,A,B,D,B,ABDB
45,A,B,D,C,ABDC
46,A,B,D,D,ABDD
47,A,B,D,E,ABDE
48,A,B,E,A,ABEA
49,A,B,E,B,ABEB
50,A,B,E,C,ABEC
51,A,B,E,D,ABED
52,A,B,E,E,ABEE
53,A,B,K,K,ABKK
54,A,B,L,L,ABLL
55,A,C,A,A,ACAA
56,A,C,A,B,ACAB
57,A,C,A,C,ACAC
58,A,C,A,D,ACAD
59,A,C,A,E,ACAE
60,A,C,B,A,ACBA
61,A,C,B,B,ACBB
62,A,C,B,C,ACBC
63,A,C,B,D,ACBD
64,A,C,B,E,ACBE
65,A,C,C,A,ACCA
66,A,C,C,B,ACCB
67,A,C,C,C,ACCC
68,A,C,C,D,ACCD
69,A,C,C,E,ACCE
70,A,C,D,A,ACDA
71,A,C,D,B,ACDB
72,A,C,D,C,ACDC
73,A,C,D,D,ACDD
74,A,C,D,E,ACDE
75,A,C,E,A,ACEA
76,A,C,E,B,ACEB
77,A,C,E,C,ACEC
78,A,C,E,D,ACED
79,A,C,E,E,ACEE
80,A,C,K,K,ACKK
81,A,C,L,L,ACLL
82,A,D,A,A,ADAA
83,A,D,A,B,ADAB
84,A,D,A,C,ADAC
85,A,D,A,D,ADAD
86,A,D,A,E,ADAE
87,A,D,B,A,ADBA
88,A,D,B,B,ADBB
89,A,D,B,C,ADBC
90,A,D,B,D,ADBD
91,A,D,B,E,ADBE
92,A,D,C,A,ADCA
93,A,D,C,B,ADCB
94,A,D,C,C,ADCC
95,A,D,C,D,ADCD
96,A,D,C,E,ADCE
97,A,D,D,A,ADDA
98,A,D,D,B,ADDB
99,A,D,D,C,ADDC
100,A,D,D,D,ADDD
101,A,D,D,E,ADDE
102,A,D,E,A,ADEA
103,A,D,E,B,ADEB
104,A,D,E,C,ADEC
105,A,D,E,D,ADED
106,A,D,E,E,ADEE
107,A,D,K,K,ADKK
108,A,D,L,L,ADLL
109,A,E,A,A,AEAA
110,A,E,A,B,AEAB
111,A,E,A,C,AEAC
112,A,E,A,D,AEAD
113,A,E,A,E,AEAE
114,A,E,B,A,AEBA
115,A,E,B,B,AEBB
116,A,E,B,C,AEBC
117,A,E,B,D,AEBD
118,A,E,B,E,AEBE
119,A,E,C,A,AECA
120,A,E,C,B,AECB
121,A,E,C,C,AECC
122,A,E,C,D,AECD
123,A,E,C,E,AECE
124,A,E,D,A,AEDA
125,A,E,D,B,AEDB
126,A,E,D,C,AEDC
127,A,E,D,D,AEDD
128,A,E,D,E,AEDE
129,A,E,E,A,AEEA
130,A,E,E,B,AEEB
131,A,E,E,C,AEEC
132,A,E,E,D,AEED
133,A,E,E,E,AEEE
134,A,E,K,K,AEKK
135,A,E,L,L,AELL
136,A,K,A,K,AKAK
137,A,K,B,K,AKBK
138,A,K,C,K,AKCK
139,A,K,D,K,AKDK
140,A,K,E,K,AKEK
141,A,K,K,A,AKKA
142,A,K,K,B,AKKB
143,A,K,K,C,AKKC
144,A,K,K,D,AKKD
145,A,K,K,E,AKKE
146,A,L,A,L,ALAL
147,A,L,B,L,ALBL
148,A,L,C,L,ALCL
149,A,L,D,L,ALDL
150,A,L,E,L,ALEL
151,A,L,L,A,ALLA
152,A,L,L,B,ALLB
153,A,L,L,C,ALLC
154,A,L,L,D,ALLD
155,A,L,L,E,ALLE
156,B,A,A,A,BAAA
157,B,A,A,B,BAAB
158,B,A,A,C,BAAC
159,B,A,A,D,BAAD
160,B,A,A,E,BAAE
161,B,A,B,A,BABA
162,B,A,B,B,BABB
163,B,A,B,C,BABC
164,B,A,B,D,BABD
165,B,A,B,E,BABE
166,B,A,C,A,BACA
167,B,A,C,B,BACB
168,B,A,C,C,BACC
169,B,A,C,D,BACD
170,B,A,C,E,BACE
171,B,A,D,A,BADA
172,B,A,D,B,BADB
173,B,A,D,C,BADC
174,B,A,D,D,BADD
175,B,A,D,E,BADE
176,B,A,E,A,BAEA
177,B,A,E,B,BAEB
178,B,A,E,C,BAEC
179,B,A,E,D,BAED
180,B,A,E,E,BAEE
181,B,A,K,K,BAKK
182,B,A,L,L,BALL
183,B,B,A,A,BBAA
184,B,B,A,B,BBAB
185,B,B,A,C,BBAC
186,B,B,A,D,BBAD
187,B,B,A,E,BBAE
188,B,B,B,A,BBBA
189,B,B,B,B,BBBB
190,B,B,B,C,BBBC
191,B,B,B,D,BBBD
192,B,B,B,E,BBBE
193,B,B,C,A,BBCA
194,B,B,C,B,BBCB
195,B,B,C,C,BBCC
196,B,B,C,D,BBCD
197,B,B,C,E,BBCE
198,B,B,D,A,BBDA
199,B,B,D,B,BBDB
200,B,B,D,C,BBDC
201,B,B,D,D,BBDD
202,B,B,D,E,BBDE
203,B,B,E,A,BBEA
204,B,B,E,B,BBEB
205,B,B,E,C,BBEC
206,B,B,E,D,BBED
207,B,B,E,E,BBEE
208,B,B,K,K,BBKK
209,B,B,L,L,BBLL
210,B,C,A,A,BCAA
211,B,C,A,B,BCAB
212,B,C,A,C,BCAC
213,B,C,A,D,BCAD
214,B,C,A,E,BCAE
215,B,C,B,A,BCBA
216,B,C,B,B,BCBB
217,B,C,B,C,BCBC
218,B,C,B,D,BCBD
219,B,C,B,E,BCBE
220,B,C,C,A,BCCA
221,B,C,C,B,BCCB
222,B,C,C,C,BCCC
223,B,C,C,D,BCCD
224,B,C,C,E,BCCE
225,B,C,D,A,BCDA
226,B,C,D,B,BCDB
227,B,C,D,C,BCDC
228,B,C,D,D,BCDD
229,B,C,D,E,BCDE
230,B,C,E,A,BCEA
231,B,C,E,B,BCEB
232,B,C,E,C,BCEC
233,B,C,E,D,BCED
234,B,C,E,E,BCEE
235,B,C,K,K,BCKK
236,B,C,L,L,BCLL
237,B,D,A,A,BDAA
238,B,D,A,B,BDAB
239,B,D,A,C,BDAC
240,B,D,A,D,BDAD
241,B,D,A,E,BDAE
242,B,D,B,A,BDBA
243,B,D,B,B,BDBB
244,B,D,B,C,BDBC
245,B,D,B,D,BDBD
246,B,D,B,E,BDBE
247,B,D,C,A,BDCA
248,B,D,C,B,BDCB
249,B,D,C,C,BDCC
250,B,D,C,D,BDCD
251,B,D,C,E,BDCE
252,B,D,D,A,BDDA
253,B,D,D,B,BDDB
254,B,D,D,C,BDDC
255,B,D,D,D,BDDD
256,B,D,D,E,BDDE
257,B,D,E,A,BDEA
258,B,D,E,B,BDEB
259,B,D,E,C,BDEC
260,B,D,E,D,BDED
261,B,D,E,E,BDEE
262,B,D,K,K,BDKK
263,B,D,L,L,BDLL
264,B,E,A,A,BEAA
265,B,E,A,B,BEAB
266,B,E,A,C,BEAC
267,B,E,A,D,BEAD
268,B,E,A,E,BEAE
269,B,E,B,A,BEBA
270,B,E,B,B,BEBB
271,B,E,B,C,BEBC
272,B,E,B,D,BEBD
273,B,E,B,E,BEBE
274,B,E,C,A,BECA
275,B,E,C,B,BECB
276,B,E,C,C,BECC
277,B,E,C,D,BECD
278,B,E,C,E,BECE
279,B,E,D,A,BEDA
280,B,E,D,B,BEDB
281,B,E,D,C,BEDC
282,B,E,D,D,BEDD
283,B,E,D,E,BEDE
284,B,E,E,A,BEEA
285,B,E,E,B,BEEB
286,B,E,E,C,BEEC
287,B,E,E,D,BEED
288,B,E,E,E,BEEE
289,B,E,K,K,BEKK
290,B,E,L,L,BELL
291,B,K,A,K,BKAK
292,B,K,B,K,BKBK
293,B,K,C,K,BKCK
294,B,K,D,K,BKDK
295,B,K,E,K,BKEK
296,B,K,K,A,BKKA
297,B,K,K,B,BKKB
298,B,K,K,C,BKKC
299,B,K,K,D,BKKD
300,B,K,K,E,BKKE
301,B,L,A,L,BLAL
302,B,L,B,L,BLBL
303,B,L,C,L,BLCL
304,B,L,D,L,BLDL
305,B,L,E,L,BLEL
306,B,L,L,A,BLLA
307,B,L,L,B,BLLB
308,B,L,L,C,BLLC
309,B,L,L,D,BLLD
310,B,L,L,E,BLLE
311,C,A,A,A,CAAA
312,C,A,A,B,CAAB
313,C,A,A,C,CAAC
314,C,A,A,D,CAAD
315,C,A,A,E,CAAE
316,C,A,B,A,CABA
317,C,A,B,B,CABB
318,C,A,B,C,CABC
319,C,A,B,D,CABD
320,C,A,B,E,CABE
321,C,A,C,A,CACA
322,C,A,C,B,CACB
323,C,A,C,C,CACC
324,C,A,C,D,CACD
325,C,A,C,E,CACE
326,C,A,D,A,CADA
327,C,A,D,B,CADB
328,C,A,D,C,CADC
329,C,A,D,D,CADD
330,C,A,D,E,CADE
331,C,A,E,A,CAEA
332,C,A,E,B,CAEB
333,C,A,E,C,CAEC
334,C,A,E,D,CAED
335,C,A,E,E,CAEE
336,C,A,K,K,CAKK
337,C,A,L,L,CALL
338,C,B,A,A,CBAA
339,C,B,A,B,CBAB
340,C,B,A,C,CBAC
341,C,B,A,D,CBAD
342,C,B,A,E,CBAE
343,C,B,B,A,CBBA
344,C,B,B,B,CBBB
345,C,B,B,C,CBBC
346,C,B,B,D,CBBD
347,C,B,B,E,CBBE
348,C,B,C,A,CBCA
349,C,B,C,B,CBCB
350,C,B,C,C,CBCC
351,C,B,C,D,CBCD
352,C,B,C,E,CBCE
353,C,B,D,A,CBDA
354,C,B,D,B,CBDB
355,C,B,D,C,CBDC
356,C,B,D,D,CBDD
357,C,B,D,E,CBDE
358,C,B,E,A,CBEA
359,C,B,E,B,CBEB
360,C,B,E,C,CBEC
361,C,B,E,D,CBED
362,C,B,E,E,CBEE
363,C,B,K,K,CBKK
364,C,B,L,L,CBLL
365,C,C,A,A,CCAA
366,C,C,A,B,CCAB
367,C,C,A,C,CCAC
368,C,C,A,D,CCAD
369,C,C,A,E,CCAE
370,C,C,B,A,CCBA
371,C,C,B,B,CCBB
372,C,C,B,C,CCBC
373,C,C,B,D,CCBD
374,C,C,B,E,CCBE
375,C,C,C,A,CCCA
376,C,C,C,B,CCCB
377,C,C,C,C,CCCC
378,C,C,C,D,CCCD
379,C,C,C,E,CCCE
380,C,C,D,A,CCDA
381,C,C,D,B,CCDB
382,C,C,D,C,CCDC
383,C,C,D,D,CCDD
384,C,C,D,E,CCDE
385,C,C,E,A,CCEA
386,C,C,E,B,CCEB
387,C,C,E,C,CCEC
388,C,C,E,D,CCED
389,C,C,E,E,CCEE
390,C,C,K,K,CCKK
391,C,C,L,L,CCLL
392,C,D,A,A,CDAA
393,C,D,A,B,CDAB
394,C,D,A,C,CDAC
395,C,D,A,D,CDAD
396,C,D,A,E,CDAE
397,C,D,B,A,CDBA
398,C,D,B,B,CDBB
399,C,D,B,C,CDBC
400,C,D,B,D,CDBD
401,C,D,B,E,CDBE
402,C,D,C,A,CDCA
403,C,D,C,B,CDCB
404,C,D,C,C,CDCC
405,C,D,C,D,CDCD
406,C,D,C,E,CDCE
407,C,D,D,A,CDDA
408,C,D,D,B,CDDB
409,C,D,D,C,CDDC
410,C,D,D,D,CDDD
411,C,D,D,E,CDDE
412,C,D,E,A,CDEA
413,C,D,E,B,CDEB
414,C,D,E,C,CDEC
415,C,D,E,D,CDED
416,C,D,E,E,CDEE
417,C,D,K,K,CDKK
418,C,D,L,L,CDLL
419,C,E,A,A,CEAA
420,C,E,A,B,CEAB
421,C,E,A,C,CEAC
422,C,E,A,D,CEAD
423,C,E,A,E,CEAE
424,C,E,B,A,CEBA
425,C,E,B,B,CEBB
426,C,E,B,C,CEBC
427,C,E,B,D,CEBD
428,C,E,B,E,CEBE
429,C,E,C,A,CECA
430,C,E,C,B,CECB
431,C,E,C,C,CECC
432,C,E,C,D,CECD
433,C,E,C,E,CECE
434,C,E,D,A,CEDA
435,C,E,D,B,CEDB
436,C,E,D,C,CEDC
437,C,E,D,D,CEDD
438,C,E,D,E,CEDE
439,C,E,E,A,CEEA
440,C,E,E,B,CEEB
441,C,E,E,C,CEEC
442,C,E,E,D,CEED
443,C,E,E,E,CEEE
444,C,E,K,K,CEKK
445,C,E,L,L,CELL
446,C,K,A,K,CKAK
447,C,K,B,K,CKBK
448,C,K,C,K,CKCK
449,C,K,D,K,CKDK
450,C,K,E,K,CKEK
451,C,K,K,A,CKKA
452,C,K,K,B,CKKB
453,C,K,K,C,CKKC
454,C,K,K,D,CKKD
455,C,K,K,E,CKKE
456,C,L,A,L,CLAL
457,C,L,B,L,CLBL
458,C,L,C,L,CLCL
459,C,L,D,L,CLDL
460,C,L,E,L,CLEL
461,C,L,L,A,CLLA
462,C,L,L,B,CLLB
463,C,L,L,C,CLLC
464,C,L,L,D,CLLD
465,C,L,L,E,CLLE
466,D,A,A,A,DAAA
467,D,A,A,B,DAAB
468,D,A,A,C,DAAC
469,D,A,A,D,DAAD
470,D,A,A,E,DAAE
471,D,A,B,A,DABA
472,D,A,B,B,DABB
473,D,A,B,C,DABC
474,D,A,B,D,DABD
475,D,A,B,E,DABE
476,D,A,C,A,DACA
477,D,A,C,B,DACB
478,D,A,C,C,DACC
479,D,A,C,D,DACD
480,D,A,C,E,DACE
481,D,A,D,A,DADA
482,D,A,D,B,DADB
483,D,A,D,C,DADC
484,D,A,D,D,DADD
485,D,A,D,E,DADE
486,D,A,E,A,DAEA
487,D,A,E,B,DAEB
488,D,A,E,C,DAEC
489,D,A,E,D,DAED
490,D,A,E,E,DAEE
491,D,A,K,K,DAKK
492,D,A,L,L,DALL
493,D,B,A,A,DBAA
494,D,B,A,B,DBAB
495,D,B,A,C,DBAC
496,D,B,A,D,DBAD
497,D,B,A,E,DBAE
498,D,B,B,A,DBBA
499,D,B,B,B,DBBB
500,D,B,B,C,DBBC
501,D,B,B,D,DBBD
502,D,B,B,E,DBBE
503,D,B,C,A,DBCA
504,D,B,C,B,DBCB
505,D,B,C,C,DBCC
506,D,B,C,D,DBCD
507,D,B,C,E,DBCE
508,D,B,D,A,DBDA
509,D,B,D,B,DBDB
510,D,B,D,C,DBDC
511,D,B,D,D,DBDD
512,D,B,D,E,DBDE
513,D,B,E,A,DBEA
514,D,B,E,B,DBEB
515,D,B,E,C,DBEC
516,D,B,E,D,DBED
517,D,B,E,E,DBEE
518,D,B,K,K,DBKK
519,D,B,L,L,DBLL
520,D,C,A,A,DCAA
521,D,C,A,B,DCAB
522,D,C,A,C,DCAC
523,D,C,A,D,DCAD
524,D,C,A,E,DCAE
525,D,C,B,A,DCBA
526,D,C,B,B,DCBB
527,D,C,B,C,DCBC
528,D,C,B,D,DCBD
529,D,C,B,E,DCBE
530,D,C,C,A,DCCA
531,D,C,C,B,DCCB
532,D,C,C,C,DCCC
533,D,C,C,D,DCCD
534,D,C,C,E,DCCE
535,D,C,D,A,DCDA
536,D,C,D,B,DCDB
537,D,C,D,C,DCDC
538,D,C,D,D,DCDD
539,D,C,D,E,DCDE
540,D,C,E,A,DCEA
541,D,C,E,B,DCEB
542,D,C,E,C,DCEC
543,D,C,E,D,DCED
544,D,C,E,E,DCEE
545,D,C,K,K,DCKK
546,D,C,L,L,DCLL
547,D,D,A,A,DDAA
548,D,D,A,B,DDAB
549,D,D,A,C,DDAC
550,D,D,A,D,DDAD
551,D,D,A,E,DDAE
552,D,D,B,A,DDBA
553,D,D,B,B,DDBB
554,D,D,B,C,DDBC
555,D,D,B,D,DDBD
556,D,D,B,E,DDBE
557,D,D,C,A,DDCA
558,D,D,C,B,DDCB
559,D,D,C,C,DDCC
560,D,D,C,D,DDCD
561,D,D,C,E,DDCE
562,D,D,D,A,DDDA
563,D,D,D,B,DDDB
564,D,D,D,C,DDDC
565,D,D,D,D,DDDD
566,D,D,D,E,DDDE
567,D,D,E,A,DDEA
568,D,D,E,B,DDEB
569,D,D,E,C,DDEC
570,D,D,E,D,DDED
571,D,D,E,E,DDEE
572,D,D,K,K,DDKK
573,D,D,L,L,DDLL
574,D,E,A,A,DEAA
575,D,E,A,B,DEAB
576,D,E,A,C,DEAC
577,D,E,A,D,DEAD
578,D,E,A,E,DEAE
579,D,E,B,A,DEBA
580,D,E,B,B,DEBB
581,D,E,B,C,DEBC
582,D,E,B,D,DEBD
583,D,E,B,E,DEBE
584,D,E,C,A,DECA
585,D,E,C,B,DECB
586,D,E,C,C,DECC
587,D,E,C,D,DECD
588,D,E,C,E,DECE
589,D,E,D,A,DEDA
590,D,E,D,B,DEDB
591,D,E,D,C,DEDC
592,D,E,D,D,DEDD
593,D,E,D,E,DEDE
594,D,E,E,A,DEEA
595,D,E,E,B,DEEB
596,D,E,E,C,DEEC
597,D,E,E,D,DEED
598,D,E,E,E,DEEE
599,D,E,K,K,DEKK
600,D,E,L,L,DELL
601,D,K,A,K,DKAK
602,D,K,B,K,DKBK
603,D,K,C,K,DKCK
604,D,K,D,K,DKDK
605,D,K,E,K,DKEK
606,D,K,K,A,DKKA
607,D,K,K,B,DKKB
608,D,K,K,C,DKKC
609,D,K,K,D,DKKD
610,D,K,K,E,DKKE
611,D,L,A,L,DLAL
612,D,L,B,L,DLBL
613,D,L,C,L,DLCL
614,D,L,D,L,DLDL
615,D,L,E,L,DLEL
616,D,L,L,A,DLLA
617,D,L,L,B,DLLB
618,D,L,L,C,DLLC
619,D,L,L,D,DLLD
620,D,L,L,E,DLLE
621,E,A,A,A,EAAA
622,E,A,A,B,EAAB
623,E,A,A,C,EAAC
624,E,A,A,D,EAAD
625,E,A,A,E,EAAE
626,E,A,B,A,EABA
627,E,A,B,B,EABB
628,E,A,B,C,EABC
629,E,A,B,D,EABD
630,E,A,B,E,EABE
631,E,A,C,A,EACA
632,E,A,C,B,EACB
633,E,A,C,C,EACC
634,E,A,C,D,EACD
635,E,A,C,E,EACE
636,E,A,D,A,EADA
637,E,A,D,B,EADB
638,E,A,D,C,EADC
639,E,A,D,D,EADD
640,E,A,D,E,EADE
641,E,A,E,A,EAEA
642,E,A,E,B,EAEB
643,E,A,E,C,EAEC
644,E,A,E,D,EAED
645,E,A,E,E,EAEE
646,E,A,K,K,EAKK
647,E,A,L,L,EALL
648,E,B,A,A,EBAA
649,E,B,A,B,EBAB
650,E,B,A,C,EBAC
651,E,B,A,D,EBAD
652,E,B,A,E,EBAE
653,E,B,B,A,EBBA
654,E,B,B,B,EBBB
655,E,B,B,C,EBBC
656,E,B,B,D,EBBD
657,E,B,B,E,EBBE
658,E,B,C,A,EBCA
659,E,B,C,B,EBCB
660,E,B,C,C,EBCC
661,E,B,C,D,EBCD
662,E,B,C,E,EBCE
663,E,B,D,A,EBDA
664,E,B,D,B,EBDB
665,E,B,D,C,EBDC
666,E,B,D,D,EBDD
667,E,B,D,E,EBDE
668,E,B,E,A,EBEA
669,E,B,E,B,EBEB
670,E,B,E,C,EBEC
671,E,B,E,D,EBED
672,E,B,E,E,EBEE
673,E,B,K,K,EBKK
674,E,B,L,L,EBLL
675,E,C,A,A,ECAA
676,E,C,A,B,ECAB
677,E,C,A,C,ECAC
678,E,C,A,D,ECAD
679,E,C,A,E,ECAE
680,E,C,B,A,ECBA
681,E,C,B,B,ECBB
682,E,C,B,C,ECBC
683,E,C,B,D,ECBD
684,E,C,B,E,ECBE
685,E,C,C,A,ECCA
686,E,C,C,B,ECCB
687,E,C,C,C,ECCC
688,E,C,C,D,ECCD
689,E,C,C,E,ECCE
690,E,C,D,A,ECDA
691,E,C,D,B,ECDB
692,E,C,D,C,ECDC
693,E,C,D,D,ECDD
694,E,C,D,E,ECDE
695,E,C,E,A,ECEA
696,E,C,E,B,ECEB
697,E,C,E,C,ECEC
698,E,C,E,D,ECED
699,E,C,E,E,ECEE
700,E,C,K,K,ECKK
701,E,C,L,L,ECLL
702,E,D,A,A,EDAA
703,E,D,A,B,EDAB
704,E,D,A,C,EDAC
705,E,D,A,D,EDAD
706,E,D,A,E,EDAE
707,E,D,B,A,EDBA
708,E,D,B,B,EDBB
709,E,D,B,C,EDBC
710,E,D,B,D,EDBD
711,E,D,B,E,EDBE
712,E,D,C,A,EDCA
713,E,D,C,B,EDCB
714,E,D,C,C,EDCC
715,E,D,C,D,EDCD
716,E,D,C,E,EDCE
717,E,D,D,A,EDDA
718,E,D,D,B,EDDB
719,E,D,D,C,EDDC
720,E,D,D,D,EDDD
721,E,D,D,E,EDDE
722,E,D,E,A,EDEA
723,E,D,E,B,EDEB
724,E,D,E,C,EDEC
725,E,D,E,D,EDED
726,E,D,E,E,EDEE
727,E,D,K,K,EDKK
728,E,D,L,L,EDLL
729,E,E,A,A,EEAA
730,E,E,A,B,EEAB
731,E,E,A,C,EEAC
732,E,E,A,D,EEAD
733,E,E,A,E,EEAE
734,E,E,B,A,EEBA
735,E,E,B,B,EEBB
736,E,E,B,C,EEBC
737,E,E,B,D,EEBD
738,E,E,B,E,EEBE
739,E,E,C,A,EECA
740,E,E,C,B,EECB
741,E,E,C,C,EECC
742,E,E,C,D,EECD
743,E,E,C,E,EECE
744,E,E,D,A,EEDA
745,E,E,D,B,EEDB
746,E,E,D,C,EEDC
747,E,E,D,D,EEDD
748,E,E,D,E,EEDE
749,E,E,E,A,EEEA
750,E,E,E,B,EEEB
751,E,E,E,C,EEEC
752,E,E,E,D,EEED
753,E,E,E,E,EEEE
754,E,E,K,K,EEKK
755,E,E,L,L,EELL
756,E,K,A,K,EKAK
757,E,K,B,K,EKBK
758,E,K,C,K,EKCK
759,E,K,D,K,EKDK
760,E,K,E,K,EKEK
761,E,K,K,A,EKKA
762,E,K,K,B,EKKB
763,E,K,K,C,EKKC
764,E,K,K,D,EKKD
765,E,K,K,E,EKKE
766,E,L,A,L,ELAL
767,E,L,B,L,ELBL
768,E,L,C,L,ELCL
769,E,L,D,L,ELDL
770,E,L,E,L,ELEL
771,E,L,L,A,ELLA
772,E,L,L,B,ELLB
773,E,L,L,C,ELLC
774,E,L,L,D,ELLD
775,E,L,L,E,ELLE
776,F,F,F,F,FFFF
777,F,F,G,F,FFGF
778,F,F,G,G,FFGG
779,F,F,G,H,FFGH
780,F,F,G,I,FFGI
781,F,F,G,J,FFGJ
782,F,F,H,F,FFHF
783,F,F,H,G,FFHG
784,F,F,H,H,FFHH
785,F,F,H,I,FFHI
786,F,F,H,J,FFHJ
787,F,F,I,F,FFIF
788,F,F,I,G,FFIG
789,F,F,I,H,FFIH
790,F,F,I,I,FFII
791,F,F,I,J,FFIJ
792,F,F,J,F,FFJF
793,F,F,J,G,FFJG
794,F,F,J,H,FFJH
795,F,F,J,I,FFJI
796,F,F,J,J,FFJJ
797,F,F,K,K,FFKK
798,F,F,L,L,FFLL
799,F,G,F,F,FGFF
800,F,G,F,G,FGFG
801,F,G,F,H,FGFH
802,F,G,F,I,FGFI
803,F,G,F,J,FGFJ
804,F,G,G,F,FGGF
805,F,G,G,H,FGGH
806,F,G,G,I,FGGI
807,F,G,G,J,FGGJ
808,F,G,H,F,FGHF
809,F,G,H,G,FGHG
810,F,G,H,H,FGHH
811,F,G,H,I,FGHI
812,F,G,H,J,FGHJ
813,F,G,I,F,FGIF
814,F,G,I,G,FGIG
815,F,G,I,H,FGIH
816,F,G,I,I,FGII
817,F,G,I,J,FGIJ
818,F,G,J,F,FGJF
819,F,G,J,G,FGJG
820,F,G,J,H,FGJH
821,F,G,J,I,FGJI
822,F,G,J,J,FGJJ
823,F,G,K,K,FGKK
824,F,G,L,L,FGLL
825,F,H,F,F,FHFF
826,F,H,F,G,FHFG
827,F,H,F,H,FHFH
828,F,H,F,I,FHFI
829,F,H,F,J,FHFJ
830,F,H,G,F,FHGF
831,F,H,G,G,FHGG
832,F,H,G,H,FHGH
833,F,H,G,I,FHGI
834,F,H,G,J,FHGJ
835,F,H,H,F,FHHF
836,F,H,H,G,FHHG
837,F,H,H,I,FHHI
838,F,H,H,J,FHHJ
839,F,H,I,F,FHIF
840,F,H,I,G,FHIG
841,F,H,I,H,FHIH
842,F,H,I,I,FHII
843,F,H,I,J,FHIJ
844,F,H,J,F,FHJF
845,F,H,J,G,FHJG
846,F,H,J,H,FHJH
847,F,H,J,I,FHJI
848,F,H,J,J,FHJJ
849,F,H,K,K,FHKK
850,F,H,L,L,FHLL
851,F,I,F,F,FIFF
852,F,I,F,G,FIFG
853,F,I,F,H,FIFH
854,F,I,F,I,FIFI
855,F,I,F,J,FIFJ
856,F,I,G,F,FIGF
857,F,I,G,G,FIGG
858,F,I,G,H,FIGH
859,F,I,G,I,FIGI
860,F,I,G,J,FIGJ
861,F,I,H,F,FIHF
862,F,I,H,G,FIHG
863,F,I,H,H,FIHH
864,F,I,H,I,FIHI
865,F,I,H,J,FIHJ
866,F,I,I,F,FIIF
867,F,I,I,G,FIIG
868,F,I,I,H,FIIH
869,F,I,I,J,FIIJ
870,F,I,J,F,FIJF
871,F,I,J,G,FIJG
872,F,I,J,H,FIJH
873,F,I,J,I,FIJI
874,F,I,J,J,FIJJ
875,F,I,K,K,FIKK
876,F,I,L,L,FILL
877,F,J,F,F,FJFF
878,F,J,F,G,FJFG
879,F,J,F,H,FJFH
880,F,J,F,I,FJFI
881,F,J,F,J,FJFJ
882,F,J,G,F,FJGF
883,F,J,G,G,FJGG
884,F,J,G,H,FJGH
885,F,J,G,I,FJGI
886,F,J,G,J,FJGJ
887,F,J,H,F,FJHF
888,F,J,H,G,FJHG
889,F,J,H,H,FJHH
890,F,J,H,I,FJHI
891,F,J,H,J,FJHJ
892,F,J,I,F,FJIF
893,F,J,I,G,FJIG
894,F,J,I,H,FJIH
895,F,J,I,I,FJII
896,F,J,I,J,FJIJ
897,F,J,J,F,FJJF
898,F,J,J,G,FJJG
899,F,J,J,H,FJJH
900,F,J,J,I,FJJI
901,F,J,K,K,FJKK
902,F,J,L,L,FJLL
903,F,K,F,K,FKFK
904,F,K,G,K,FKGK
905,F,K,H,K,FKHK
906,F,K,I,K,FKIK
907,F,K,J,K,FKJK
908,F,K,K,F,FKKF
909,F,K,K,G,FKKG
910,F,K,K,H,FKKH
911,F,K,K,I,FKKI
912,F,K,K,J,FKKJ
913,F,L,F,L,FLFL
914,F,L,G,L,FLGL
915,F,L,H,L,FLHL
916,F,L,I,L,FLIL
917,F,L,J,L,FLJL
918,F,L,L,F,FLLF
919,F,L,L,G,FLLG
920,F,L,L,H,FLLH
921,F,L,L,I,FLLI
922,F,L,L,J,FLLJ
923,G,F,F,G,GFFG
924,G,F,F,H,GFFH
925,G,F,F,I,GFFI
926,G,F,F,J,GFFJ
927,G,F,G,F,GFGF
928,G,F,G,G,GFGG
929,G,F,G,H,GFGH
930,G,F,G,I,GFGI
931,G,F,G,J,GFGJ
932,G,F,H,F,GFHF
933,G,F,H,G,GFHG
934,G,F,H,H,GFHH
935,G,F,H,I,GFHI
936,G,F,H,J,GFHJ
937,G,F,I,F,GFIF
938,G,F,I,G,GFIG
939,G,F,I,H,GFIH
940,G,F,I,I,GFII
941,G,F,I,J,GFIJ
942,G,F,J,F,GFJF
943,G,F,J,G,GFJG
944,G,F,J,H,GFJH
945,G,F,J,I,GFJI
946,G,F,J,J,GFJJ
947,G,F,K,K,GFKK
948,G,F,L,L,GFLL
949,G,G,F,F,GGFF
950,G,G,F,G,GGFG
951,G,G,F,H,GGFH
952,G,G,F,I,GGFI
953,G,G,F,J,GGFJ
954,G,G,G,G,GGGG
955,G,G,H,F,GGHF
956,G,G,H,G,GGHG
957,G,G,H,H,GGHH
958,G,G,H,I,GGHI
959,G,G,H,J,GGHJ
960,G,G,I,F,GGIF
961,G,G,I,G,GGIG
962,G,G,I,H,GGIH
963,G,G,I,I,GGII
964,G,G,I,J,GGIJ
965,G,G,J,F,GGJF
966,G,G,J,G,GGJG
967,G,G,J,H,GGJH
968,G,G,J,I,GGJI
969,G,G,J,J,GGJJ
970,G,G,K,K,GGKK
971,G,G,L,L,GGLL
972,G,H,F,F,GHFF
973,G,H,F,G,GHFG
974,G,H,F,H,GHFH
975,G,H,F,I,GHFI
976,G,H,F,J,GHFJ
977,G,H,G,F,GHGF
978,G,H,G,G,GHGG
979,G,H,G,H,GHGH
980,G,H,G,I,GHGI
981,G,H,G,J,GHGJ
982,G,H,H,F,GHHF
983,G,H,H,G,GHHG
984,G,H,H,I,GHHI
985,G,H,H,J,GHHJ
986,G,H,I,F,GHIF
987,G,H,I,G,GHIG
988,G,H,I,H,GHIH
989,G,H,I,I,GHII
990,G,H,I,J,GHIJ
991,G,H,J,F,GHJF
992,G,H,J,G,GHJG
993,G,H,J,H,GHJH
994,G,H,J,I,GHJI
995,G,H,J,J,GHJJ
996,G,H,K,K,GHKK
997,G,H,L,L,GHLL
998,G,I,F,F,GIFF
999,G,I,F,G,GIFG
1000,G,I,F,H,GIFH
1001,G,I,F,I,GIFI
1002,G,I,F,J,GIFJ
1003,G,I,G,F,GIGF
1004,G,I,G,G,GIGG
1005,G,I,G,H,GIGH
1006,G,I,G,I,GIGI
1007,G,I,G,J,GIGJ
1008,G,I,H,F,GIHF
1009,G,I,H,G,GIHG
1010,G,I,H,H,GIHH
1011,G,I,H,I,GIHI
1012,G,I,H,J,GIHJ
1013,G,I,I,F,GIIF
1014,G,I,I,G,GIIG
1015,G,I,I,H,GIIH
1016,G,I,I,J,GIIJ
1017,G,I,J,F,GIJF
1018,G,I,J,G,GIJG
1019,G,I,J,H,GIJH
1020,G,I,J,I,GIJI
1021,G,I,J,J,GIJJ
1022,G,I,K,K,GIKK
1023,G,I,L,L,GILL
1024,G,J,F,F,GJFF
1025,G,J,F,G,GJFG
1026,G,J,F,H,GJFH
1027,G,J,F,I,GJFI
1028,G,J,F,J,GJFJ
1029,G,J,G,F,GJGF
1030,G,J,G,G,GJGG
1031,G,J,G,H,GJGH
1032,G,J,G,I,GJGI
1033,G,J,G,J,GJGJ
1034,G,J,H,F,GJHF
1035,G,J,H,G,GJHG
1036,G,J,H,H,GJHH
1037,G,J,H,I,GJHI
1038,G,J,H,J,GJHJ
1039,G,J,I,F,GJIF
1040,G,J,I,G,GJIG
1041,G,J,I,H,GJIH
1042,G,J,I,I,GJII
1043,G,J,I,J,GJIJ
1044,G,J,J,F,GJJF
1045,G,J,J,G,GJJG
1046,G,J,J,H,GJJH
1047,G,J,J,I,GJJI
1048,G,J,K,K,GJKK
1049,G,J,L,L,GJLL
1050,G,K,F,K,GKFK
1051,G,K,G,K,GKGK
1052,G,K,H,K,GKHK
1053,G,K,I,K,GKIK
1054,G,K,J,K,GKJK
1055,G,K,K,F,GKKF
1056,G,K,K,G,GKKG
1057,G,K,K,H,GKKH
1058,G,K,K,I,GKKI
1059,G,K,K,J,GKKJ
1060,G,L,F,L,GLFL
1061,G,L,G,L,GLGL
1062,G,L,H,L,GLHL
1063,G,L,I,L,GLIL
1064,G,L,J,L,GLJL
1065,G,L,L,F,GLLF
1066,G,L,L,G,GLLG
1067,G,L,L,H,GLLH
1068,G,L,L,I,GLLI
1069,G,L,L,J,GLLJ
1070,H,F,F,G,HFFG
1071,H,F,F,H,HFFH
1072,H,F,F,I,HFFI
1073,H,F,F,J,HFFJ
1074,H,F,G,F,HFGF
1075,H,F,G,G,HFGG
1076,H,F,G,H,HFGH
1077,H,F,G,I,HFGI
1078,H,F,G,J,HFGJ
1079,H,F,H,F,HFHF
1080,H,F,H,G,HFHG
1081,H,F,H,H,HFHH
1082,H,F,H,I,HFHI
1083,H,F,H,J,HFHJ
1084,H,F,I,F,HFIF
1085,H,F,I,G,HFIG
1086,H,F,I,H,HFIH
1087,H,F,I,I,HFII
1088,H,F,I,J,HFIJ
1089,H,F,J,F,HFJF
1090,H,F,J,G,HFJG
1091,H,F,J,H,HFJH
1092,H,F,J,I,HFJI
1093,H,F,J,J,HFJJ
1094,H,F,K,K,HFKK
1095,H,F,L,L,HFLL
1096,H,G,F,F,HGFF
1097,H,G,F,G,HGFG
1098,H,G,F,H,HGFH
1099,H,G,F,I,HGFI
1100,H,G,F,J,HGFJ
1101,H,G,G,F,HGGF
1102,H,G,G,H,HGGH
1103,H,G,G,I,HGGI
1104,H,G,G,J,HGGJ
1105,H,G,H,F,HGHF
1106,H,G,H,G,HGHG
1107,H,G,H,H,HGHH
1108,H,G,H,I,HGHI
1109,H,G,H,J,HGHJ
1110,H,G,I,F,HGIF
1111,H,G,I,G,HGIG
1112,H,G,I,H,HGIH
1113,H,G,I,I,HGII
1114,H,G,I,J,HGIJ
1115,H,G,J,F,HGJF
1116,H,G,J,G,HGJG
1117,H,G,J,H,HGJH
1118,H,G,J,I,HGJI
1119,H,G,J,J,HGJJ
1120,H,G,K,K,HGKK
1121,H,G,L,L,HGLL
1122,H,H,F,F,HHFF
1123,H,H,F,G,HHFG
1124,H,H,F,H,HHFH
1125,H,H,F,I,HHFI
1126,H,H,F,J,HHFJ
1127,H,H,G,F,HHGF
1128,H,H,G,G,HHGG
1129,H,H,G,H,HHGH
1130,H,H,G,I,HHGI
1131,H,H,G,J,HHGJ
1132,H,H,H,H,HHHH
1133,H,H,I,F,HHIF
1134,H,H,I,G,HHIG
1135,H,H,I,H,HHIH
1136,H,H,I,I,HHII
1137,H,H,I,J,HHIJ
1138,H,H,J,F,HHJF
1139,H,H,J,G,HHJG
1140,H,H,J,H,HHJH
1141,H,H,J,I,HHJI
1142,H,H,J,J,HHJJ
1143,H,H,K,K,HHKK
1144,H,H,L,L,HHLL
1145,H,I,F,F,HIFF
1146,H,I,F,G,HIFG
1147,H,I,F,H,HIFH
1148,H,I,F,I,HIFI
1149,H,I,F,J,HIFJ
1150,H,I,G,F,HIGF
1151,H,I,G,G,HIGG
1152,H,I,G,H,HIGH
1153,H,I,G,I,HIGI
1154,H,I,G,J,HIGJ
1155,H,I,H,F,HIHF
1156,H,I,H,G,HIHG
1157,H,I,H,H,HIHH
1158,H,I,H,I,HIHI
1159,H,I,H,J,HIHJ
1160,H,I,I,F,HIIF
1161,H,I,I,G,HIIG
1162,H,I,I,H,HIIH
1163,H,I,I,J,HIIJ
1164,H,I,J,F,HIJF
1165,H,I,J,G,HIJG
1166,H,I,J,H,HIJH
1167,H,I,J,I,HIJI
1168,H,I,J,J,HIJJ
1169,H,I,K,K,HIKK
1170,H,I,L,L,HILL
1171,H,J,F,F,HJFF
1172,H,J,F,G,HJFG
1173,H,J,F,H,HJFH
1174,H,J,F,I,HJFI
1175,H,J,F,J,HJFJ
1176,H,J,G,F,HJGF
1177,H,J,G,G,HJGG
1178,H,J,G,H,HJGH
1179,H,J,G,I,HJGI
1180,H,J,G,J,HJGJ
1181,H,J,H,F,HJHF
1182,H,J,H,G,HJHG
1183,H,J,H,H,HJHH
1184,H,J,H,I,HJHI
1185,H,J,H,J,HJHJ
1186,H,J,I,F,HJIF
1187,H,J,I,G,HJIG
1188,H,J,I,H,HJIH
1189,H,J,I,I,HJII
1190,H,J,I,J,HJIJ
1191,H,J,J,F,HJJF
1192,H,J,J,G,HJJG
1193,H,J,J,H,HJJH
1194,H,J,J,I,HJJI
1195,H,J,K,K,HJKK
1196,H,J,L,L,HJLL
1197,H,K,F,K,HKFK
1198,H,K,G,K,HKGK
1199,H,K,H,K,HKHK
1200,H,K,I,K,HKIK
1201,H,K,J,K,HKJK
1202,H,K,K,F,HKKF
1203,H,K,K,G,HKKG
1204,H,K,K,H,HKKH
1205,H,K,K,I,HKKI
1206,H,K,K,J,HKKJ
1207,H,L,F,L,HLFL
1208,H,L,G,L,HLGL
1209,H,L,H,L,HLHL
1210,H,L,I,L,HLIL
1211,H,L,J,L,HLJL
1212,H,L,L,F,HLLF
1213,H,L,L,G,HLLG
1214,H,L,L,H,HLLH
1215,H,L,L,I,HLLI
1216,H,L,L,J,HLLJ
1217,I,F,F,G,IFFG
1218,I,F,F,H,IFFH
1219,I,F,F,I,IFFI
1220,I,F,F,J,IFFJ
1221,I,F,G,F,IFGF
1222,I,F,G,G,IFGG
1223,I,F,G,H,IFGH
1224,I,F,G,I,IFGI
1225,I,F,G,J,IFGJ
1226,I,F,H,F,IFHF
1227,I,F,H,G,IFHG
1228,I,F,H,H,IFHH
1229,I,F,H,I,IFHI
1230,I,F,H,J,IFHJ
1231,I,F,I,F,IFIF
1232,I,F,I,G,IFIG
1233,I,F,I,H,IFIH
1234,I,F,I,I,IFII
1235,I,F,I,J,IFIJ
1236,I,F,J,F,IFJF
1237,I,F,J,G,IFJG
1238,I,F,J,H,IFJH
1239,I,F,J,I,IFJI
1240,I,F,J,J,IFJJ
1241,I,F,K,K,IFKK
1242,I,F,L,L,IFLL
1243,I,G,F,F,IGFF
1244,I,G,F,G,IGFG
1245,I,G,F,H,IGFH
1246,I,G,F,I,IGFI
1247,I,G,F,J,IGFJ
1248,I,G,G,F,IGGF
1249,I,G,G,H,IGGH
1250,I,G,G,I,IGGI
1251,I,G,G,J,IGGJ
1252,I,G,H,F,IGHF
1253,I,G,H,G,IGHG
1254,I,G,H,H,IGHH
1255,I,G,H,I,IGHI
1256,I,G,H,J,IGHJ
1257,I,G,I,F,IGIF
1258,I,G,I,G,IGIG
1259,I,G,I,H,IGIH
1260,I,G,I,I,IGII
1261,I,G,I,J,IGIJ
1262,I,G,J,F,IGJF
1263,I,G,J,G,IGJG
1264,I,G,J,H,IGJH
1265,I,G,J,I,IGJI
1266,I,G,J,J,IGJJ
1267,I,G,K,K,IGKK
1268,I,G,L,L,IGLL
1269,I,H,F,F,IHFF
1270,I,H,F,G,IHFG
1271,I,H,F,H,IHFH
1272,I,H,F,I,IHFI
1273,I,H,F,J,IHFJ
1274,I,H,G,F,IHGF
1275,I,H,G,G,IHGG
1276,I,H,G,H,IHGH
1277,I,H,G,I,IHGI
1278,I,H,G,J,IHGJ
1279,I,H,H,F,IHHF
1280,I,H,H,G,IHHG
1281,I,H,H,I,IHHI
1282,I,H,H,J,IHHJ
1283,I,H,I,F,IHIF
1284,I,H,I,G,IHIG
1285,I,H,I,H,IHIH
1286,I,H,I,I,IHII
1287,I,H,I,J,IHIJ
1288,I,H,J,F,IHJF
1289,I,H,J,G,IHJG
1290,I,H,J,H,IHJH
1291,I,H,J,I,IHJI
1292,I,H,J,J,IHJJ
1293,I,H,K,K,IHKK
1294,I,H,L,L,IHLL
1295,I,I,F,F,IIFF
1296,I,I,F,G,IIFG
1297,I,I,F,H,IIFH
1298,I,I,F,I,IIFI
1299,I,I,F,J,IIFJ
1300,I,I,G,F,IIGF
1301,I,I,G,G,IIGG
1302,I,I,G,H,IIGH
1303,I,I,G,I,IIGI
1304,I,I,G,J,IIGJ
1305,I,I,H,F,IIHF
1306,I,I,H,G,IIHG
1307,I,I,H,H,IIHH
1308,I,I,H,I,IIHI
1309,I,I,H,J,IIHJ
1310,I,I,I,I,IIII
1311,I,I,J,F,IIJF
1312,I,I,J,G,IIJG
1313,I,I,J,H,IIJH
1314,I,I,J,I,IIJI
1315,I,I,J,J,IIJJ
1316,I,I,K,K,IIKK
1317,I,I,L,L,IILL
1318,I,J,F,F,IJFF
1319,I,J,F,G,IJFG
1320,I,J,F,H,IJFH
1321,I,J,F,I,IJFI
1322,I,J,F,J,IJFJ
1323,I,J,G,F,IJGF
1324,I,J,G,G,IJGG
1325,I,J,G,H,IJGH
1326,I,J,G,I,IJGI
1327,I,J,G,J,IJGJ
1328,I,J,H,F,IJHF
1329,I,J,H,G,IJHG
1330,I,J,H,H,IJHH
1331,I,J,H,I,IJHI
1332,I,J,H,J,IJHJ
1333,I,J,I,F,IJIF
1334,I,J,I,G,IJIG
1335,I,J,I,H,IJIH
1336,I,J,I,I,IJII
1337,I,J,I,J,IJIJ
1338,I,J,J,F,IJJF
1339,I,J,J,G,IJJG
1340,I,J,J,H,IJJH
1341,I,J,J,I,IJJI
1342,I,J,K,K,IJKK
1343,I,J,L,L,IJLL
1344,I,K,F,K,IKFK
1345,I,K,G,K,IKGK
1346,I,K,H,K,IKHK
1347,I,K,I,K,IKIK
1348,I,K,J,K,IKJK
1349,I,K,K,F,IKKF
1350,I,K,K,G,IKKG
1351,I,K,K,H,IKKH
1352,I,K,K,I,IKKI
1353,I,K,K,J,IKKJ
1354,I,L,F,L,ILFL
1355,I,L,G,L,ILGL
1356,I,L,H,L,ILHL
1357,I,L,I,L,ILIL
1358,I,L,J,L,ILJL
1359,I,L,L,F,ILLF
1360,I,L,L,G,ILLG
1361,I,L,L,H,ILLH
1362,I,L,L,I,ILLI
1363,I,L,L,J,ILLJ
1364,J,F,F,G,JFFG
1365,J,F,F,H,JFFH
1366,J,F,F,I,JFFI
1367,J,F,F,J,JFFJ
1368,J,F,G,F,JFGF
1369,J,F,G,G,JFGG
1370,J,F,G,H,JFGH
1371,J,F,G,I,JFGI
1372,J,F,G,J,JFGJ
1373,J,F,H,F,JFHF
1374,J,F,H,G,JFHG
1375,J,F,H,H,JFHH
1376,J,F,H,I,JFHI
1377,J,F,H,J,JFHJ
1378,J,F,I,F,JFIF
1379,J,F,I,G,JFIG
1380,J,F,I,H,JFIH
1381,J,F,I,I,JFII
1382,J,F,I,J,JFIJ
1383,J,F,J,F,JFJF
1384,J,F,J,G,JFJG
1385,J,F,J,H,JFJH
1386,J,F,J,I,JFJI
1387,J,F,J,J,JFJJ
1388,J,F,K,K,JFKK
1389,J,F,L,L,JFLL
1390,J,G,F,F,JGFF
1391,J,G,F,G,JGFG
1392,J,G,F,H,JGFH
1393,J,G,F,I,JGFI
1394,J,G,F,J,JGFJ
1395,J,G,G,F,JGGF
1396,J,G,G,H,JGGH
1397,J,G,G,I,JGGI
1398,J,G,G,J,JGGJ
1399,J,G,H,F,JGHF
1400,J,G,H,G,JGHG
1401,J,G,H,H,JGHH
1402,J,G,H,I,JGHI
1403,J,G,H,J,JGHJ
1404,J,G,I,F,JGIF
1405,J,G,I,G,JGIG
1406,J,G,I,H,JGIH
1407,J,G,I,I,JGII
1408,J,G,I,J,JGIJ
1409,J,G,J,F,JGJF
1410,J,G,J,G,JGJG
1411,J,G,J,H,JGJH
1412,J,G,J,I,JGJI
1413,J,G,J,J,JGJJ
1414,J,G,K,K,JGKK
1415,J,G,L,L,JGLL
1416,J,H,F,F,JHFF
1417,J,H,F,G,JHFG
1418,J,H,F,H,JHFH
1419,J,H,F,I,JHFI
1420,J,H,F,J,JHFJ
1421,J,H,G,F,JHGF
1422,J,H,G,G,JHGG
1423,J,H,G,H,JHGH
1424,J,H,G,I,JHGI
1425,J,H,G,J,JHGJ
1426,J,H,H,F,JHHF
1427,J,H,H,G,JHHG
1428,J,H,H,I,JHHI
1429,J,H,H,J,JHHJ
1430,J,H,I,F,JHIF
1431,J,H,I,G,JHIG
1432,J,H,I,H,JHIH
1433,J,H,I,I,JHII
1434,J,H,I,J,JHIJ
1435,J,H,J,F,JHJF
1436,J,H,J,G,JHJG
1437,J,H,J,H,JHJH
1438,J,H,J,I,JHJI
1439,J,H,J,J,JHJJ
1440,J,H,K,K,JHKK
1441,J,H,L,L,JHLL
1442,J,I,F,F,JIFF
1443,J,I,F,G,JIFG
1444,J,I,F,H,JIFH
1445,J,I,F,I,JIFI
1446,J,I,F,J,JIFJ
1447,J,I,G,F,JIGF
1448,J,I,G,G,JIGG
1449,J,I,G,H,JIGH
1450,J,I,G,I,JIGI
1451,J,I,G,J,JIGJ
1452,J,I,H,F,JIHF
1453,J,I,H,G,JIHG
1454,J,I,H,H,JIHH
1455,J,I,H,I,JIHI
1456,J,I,H,J,JIHJ
1457,J,I,I,F,JIIF
1458,J,I,I,G,JIIG
1459,J,I,I,H,JIIH
1460,J,I,I,J,JIIJ
1461,J,I,J,F,JIJF
1462,J,I,J,G,JIJG
1463,J,I,J,H,JIJH
1464,J,I,J,I,JIJI
1465,J,I,J,J,JIJJ
1466,J,I,K,K,JIKK
1467,J,I,L,L,JILL
1468,J,J,F,F,JJFF
1469,J,J,F,G,JJFG
1470,J,J,F,H,JJFH
1471,J,J,F,I,JJFI
1472,J,J,F,J,JJFJ
1473,J,J,G,F,JJGF
1474,J,J,G,G,JJGG
1475,J,J,G,H,JJGH
1476,J,J,G,I,JJGI
1477,J,J,G,J,JJGJ
1478,J,J,H,F,JJHF
1479,J,J,H,G,JJHG
1480,J,J,H,H,JJHH
1481,J,J,H,I,JJHI
1482,J,J,H,J,JJHJ
1483,J,J,I,F,JJIF
1484,J,J,I,G,JJIG
1485,J,J,I,H,JJIH
1486,J,J,I,I,JJII
1487,J,J,I,J,JJIJ
1488,J,J,J,J,JJJJ
1489,J,J,K,K,JJKK
1490,J,J,L,L,JJLL
1491,J,K,F,K,JKFK
1492,J,K,G,K,JKGK
1493,J,K,H,K,JKHK
1494,J,K,I,K,JKIK
1495,J,K,J,K,JKJK
1496,J,K,K,F,JKKF
1497,J,K,K,G,JKKG
1498,J,K,K,H,JKKH
1499,J,K,K,I,JKKI
1500,J,K,K,J,JKKJ
1501,J,L,F,L,JLFL
1502,J,L,G,L,JLGL
1503,J,L,H,L,JLHL
1504,J,L,I,L,JLIL
1505,J,L,J,L,JLJL
1506,J,L,L,F,JLLF
1507,J,L,L,G,JLLG
1508,J,L,L,H,JLLH
1509,J,L,L,I,JLLI
1510,J,L,L,J,JLLJ
1511,K,A,A,K,KAAK
1512,K,A,B,K,KABK
1513,K,A,C,K,KACK
1514,K,A,D,K,KADK
1515,K,A,E,K,KAEK
1516,K,A,K,A,KAKA
1517,K,A,K,B,KAKB
1518,K,A,K,C,KAKC
1519,K,A,K,D,KAKD
1520,K,A,K,E,KAKE
1521,K,B,A,K,KBAK
1522,K,B,B,K,KBBK
1523,K,B,C,K,KBCK
1524,K,B,D,K,KBDK
1525,K,B,E,K,KBEK
1526,K,B,K,A,KBKA
1527,K,B,K,B,KBKB
1528,K,B,K,C,KBKC
1529,K,B,K,D,KBKD
1530,K,B,K,E,KBKE
1531,K,C,A,K,KCAK
1532,K,C,B,K,KCBK
1533,K,C,C,K,KCCK
1534,K,C,D,K,KCDK
1535,K,C,E,K,KCEK
1536,K,C,K,A,KCKA
1537,K,C,K,B,KCKB
1538,K,C,K,C,KCKC
1539,K,C,K,D,KCKD
1540,K,C,K,E,KCKE
1541,K,D,A,K,KDAK
1542,K,D,B,K,KDBK
1543,K,D,C,K,KDCK
1544,K,D,D,K,KDDK
1545,K,D,E,K,KDEK
1546,K,D,K,A,KDKA
1547,K,D,K,B,KDKB
1548,K,D,K,C,KDKC
1549,K,D,K,D,KDKD
1550,K,D,K,E,KDKE
1551,K,E,A,K,KEAK
1552,K,E,B,K,KEBK
1553,K,E,C,K,KECK
1554,K,E,D,K,KEDK
1555,K,E,E,K,KEEK
1556,K,E,K,A,KEKA
1557,K,E,K,B,KEKB
1558,K,E,K,C,KEKC
1559,K,E,K,D,KEKD
1560,K,E,K,E,KEKE
1561,K,F,F,K,KFFK
1562,K,F,G,K,KFGK
1563,K,F,H,K,KFHK
1564,K,F,I,K,KFIK
1565,K,F,J,K,KFJK
1566,K,F,K,F,KFKF
1567,K,F,K,G,KFKG
1568,K,F,K,H,KFKH
1569,K,F,K,I,KFKI
1570,K,F,K,J,KFKJ
1571,K,G,F,K,KGFK
1572,K,G,G,K,KGGK
1573,K,G,H,K,KGHK
1574,K,G,I,K,KGIK
1575,K,G,J,K,KGJK
1576,K,G,K,F,KGKF
1577,K,G,K,G,KGKG
1578,K,G,K,H,KGKH
1579,K,G,K,I,KGKI
1580,K,G,K,J,KGKJ
1581,K,H,F,K,KHFK
1582,K,H,G,K,KHGK
1583,K,H,H,K,KHHK
1584,K,H,I,K,KHIK
1585,K,H,J,K,KHJK
1586,K,H,K,F,KHKF
1587,K,H,K,G,KHKG
1588,K,H,K,H,KHKH
1589,K,H,K,I,KHKI
1590,K,H,K,J,KHKJ
1591,K,I,F,K,KIFK
1592,K,I,G,K,KIGK
1593,K,I,H,K,KIHK
1594,K,I,I,K,KIIK
1595,K,I,J,K,KIJK
1596,K,I,K,F,KIKF
1597,K,I,K,G,KIKG
1598,K,I,K,H,KIKH
1599,K,I,K,I,KIKI
1600,K,I,K,J,KIKJ
1601,K,J,F,K,KJFK
1602,K,J,G,K,KJGK
1603,K,J,H,K,KJHK
1604,K,J,I,K,KJIK
1605,K,J,J,K,KJJK
1606,K,J,K,F,KJKF
1607,K,J,K,G,KJKG
1608,K,J,K,H,KJKH
1609,K,J,K,I,KJKI
1610,K,J,K,J,KJKJ
1611,K,K,A,A,KKAA
1612,K,K,A,B,KKAB
1613,K,K,A,C,KKAC
1614,K,K,A,D,KKAD
1615,K,K,A,E,KKAE
1616,K,K,B,A,KKBA
1617,K,K,B,B,KKBB
1618,K,K,B,C,KKBC
1619,K,K,B,D,KKBD
1620,K,K,B,E,KKBE
1621,K,K,C,A,KKCA
1622,K,K,C,B,KKCB
1623,K,K,C,C,KKCC
1624,K,K,C,D,KKCD
1625,K,K,C,E,KKCE
1626,K,K,D,A,KKDA
1627,K,K,D,B,KKDB
1628,K,K,D,C,KKDC
1629,K,K,D,D,KKDD
1630,K,K,D,E,KKDE
1631,K,K,E,A,KKEA
1632,K,K,E,B,KKEB
1633,K,K,E,C,KKEC
1634,K,K,E,D,KKED
1635,K,K,E,E,KKEE
1636,K,K,F,F,KKFF
1637,K,K,F,G,KKFG
1638,K,K,F,H,KKFH
1639,K,K,F,I,KKFI
1640,K,K,F,J,KKFJ
1641,K,K,G,F,KKGF
1642,K,K,G,G,KKGG
1643,K,K,G,H,KKGH
1644,K,K,G,I,KKGI
1645,K,K,G,J,KKGJ
1646,K,K,H,F,KKHF
1647,K,K,H,G,KKHG
1648,K,K,H,H,KKHH
1649,K,K,H,I,KKHI
1650,K,K,H,J,KKHJ
1651,K,K,I,F,KKIF
1652,K,K,I,G,KKIG
1653,K,K,I,H,KKIH
1654,K,K,I,I,KKII
1655,K,K,I,J,KKIJ
1656,K,K,J,F,KKJF
1657,K,K,J,G,KKJG
1658,K,K,J,H,KKJH
1659,K,K,J,I,KKJI
1660,K,K,J,J,KKJJ
1661,K,K,K,K,KKKK
1662,K,K,K,L,KKKL
1663,K,K,K,L,KKKL
1664,K,K,K,L,KKKL
1665,K,K,K,L,KKKL
1666,K,K,K,L,KKKL
1667,K,K,K,L,KKKL
1668,K,K,K,L,KKKL
1669,K,K,K,L,KKKL
1670,K,K,K,L,KKKL
1671,K,K,K,L,KKKL
1672,K,K,L,L,KKLL
1673,K,K,L,L,KKLL
1674,K,K,L,L,KKLL
1675,K,K,L,L,KKLL
1676,K,K,L,L,KKLL
1677,K,K,L,L,KKLL
1678,K,K,L,L,KKLL
1679,K,K,L,L,KKLL
1680,K,K,L,L,KKLL
1681,K,K,L,L,KKLL
1682,K,K,L,K,KKLK
1683,K,K,L,K,KKLK
1684,K,K,L,K,KKLK
1685,K,K,L,K,KKLK
1686,K,K,L,K,KKLK
1687,K,K,L,K,KKLK
1688,K,K,L,K,KKLK
1689,K,K,L,K,KKLK
1690,K,K,L,K,KKLK
1691,K,K,L,K,KKLK
1692,K,L,K,K,KLKK
1693,K,L,K,K,KLKK
1694,K,L,K,K,KLKK
1695,K,L,K,K,KLKK
1696,K,L,K,K,KLKK
1697,K,L,K,K,KLKK
1698,K,L,K,K,KLKK
1699,K,L,K,K,KLKK
1700,K,L,K,K,KLKK
1701,K,L,K,K,KLKK
1702,K,L,K,L,KLKL
1703,K,L,K,L,KLKL
1704,K,L,K,L,KLKL
1705,K,L,K,L,KLKL
1706,K,L,K,L,KLKL
1707,K,L,K,L,KLKL
1708,K,L,K,L,KLKL
1709,K,L,K,L,KLKL
1710,K,L,K,L,KLKL
1711,K,L,K,L,KLKL
1712,K,L,L,K,KLLK
1713,K,L,L,K,KLLK
1714,K,L,L,K,KLLK
1715,K,L,L,K,KLLK
1716,K,L,L,K,KLLK
1717,K,L,L,K,KLLK
1718,K,L,L,K,KLLK
1719,K,L,L,K,KLLK
1720,K,L,L,K,KLLK
1721,K,L,L,K,KLLK
1722,K,L,L,L,KLLL
1723,K,L,L,L,KLLL
1724,K,L,L,L,KLLL
1725,K,L,L,L,KLLL
1726,K,L,L,L,KLLL
1727,K,L,L,L,KLLL
1728,K,L,L,L,KLLL
1729,K,L,L,L,KLLL
1730,K,L,L,L,KLLL
1731,K,L,L,L,KLLL
1732,L,A,A,L,LAAL
1733,L,A,B,L,LABL
1734,L,A,C,L,LACL
1735,L,A,D,L,LADL
1736,L,A,E,L,LAEL
1737,L,A,L,A,LALA
1738,L,A,L,B,LALB
1739,L,A,L,C,LALC
1740,L,A,L,D,LALD
1741,L,A,L,E,LALE
1742,L,B,A,L,LBAL
1743,L,B,B,L,LBBL
1744,L,B,C,L,LBCL
1745,L,B,D,L,LBDL
1746,L,B,E,L,LBEL
1747,L,B,L,A,LBLA
1748,L,B,L,B,LBLB
1749,L,B,L,C,LBLC
1750,L,B,L,D,LBLD
1751,L,B,L,E,LBLE
1752,L,C,A,L,LCAL
1753,L,C,B,L,LCBL
1754,L,C,C,L,LCCL
1755,L,C,D,L,LCDL
1756,L,C,E,L,LCEL
1757,L,C,L,A,LCLA
1758,L,C,L,B,LCLB
1759,L,C,L,C,LCLC
1760,L,C,L,D,LCLD
1761,L,C,L,E,LCLE
1762,L,D,A,L,LDAL
1763,L,D,B,L,LDBL
1764,L,D,C,L,LDCL
1765,L,D,D,L,LDDL
1766,L,D,E,L,LDEL
1767,L,D,L,A,LDLA
1768,L,D,L,B,LDLB
1769,L,D,L,C,LDLC
1770,L,D,L,D,LDLD
1771,L,D,L,E,LDLE
1772,L,E,A,L,LEAL
1773,L,E,B,L,LEBL
1774,L,E,C,L,LECL
1775,L,E,D,L,LEDL
1776,L,E,E,L,LEEL
1777,L,E,L,A,LELA
1778,L,E,L,B,LELB
1779,L,E,L,C,LELC
1780,L,E,L,D,LELD
1781,L,E,L,E,LELE
1782,L,F,F,L,LFFL
1783,L,F,G,L,LFGL
1784,L,F,H,L,LFHL
1785,L,F,I,L,LFIL
1786,L,F,J,L,LFJL
1787,L,F,L,F,LFLF
1788,L,F,L,G,LFLG
1789,L,F,L,H,LFLH
1790,L,F,L,I,LFLI
1791,L,F,L,J,LFLJ
1792,L,G,F,L,LGFL
1793,L,G,G,L,LGGL
1794,L,G,H,L,LGHL
1795,L,G,I,L,LGIL
1796,L,G,J,L,LGJL
1797,L,G,L,F,LGLF
1798,L,G,L,G,LGLG
1799,L,G,L,H,LGLH
1800,L,G,L,I,LGLI
1801,L,G,L,J,LGLJ
1802,L,H,F,L,LHFL
1803,L,H,G,L,LHGL
1804,L,H,H,L,LHHL
1805,L,H,I,L,LHIL
1806,L,H,J,L,LHJL
1807,L,H,L,F,LHLF
1808,L,H,L,G,LHLG
1809,L,H,L,H,LHLH
1810,L,H,L,I,LHLI
1811,L,H,L,J,LHLJ
1812,L,I,F,L,LIFL
1813,L,I,G,L,LIGL
1814,L,I,H,L,LIHL
1815,L,I,I,L,LIIL
1816,L,I,J,L,LIJL
1817,L,I,L,F,LILF
1818,L,I,L,G,LILG
1819,L,I,L,H,LILH
1820,L,I,L,I,LILI
1821,L,I,L,J,LILJ
1822,L,J,F,L,LJFL
1823,L,J,G,L,LJGL
1824,L,J,H,L,LJHL
1825,L,J,I,L,LJIL
1826,L,J,J,L,LJJL
1827,L,J,L,F,LJLF
1828,L,J,L,G,LJLG
1829,L,J,L,H,LJLH
1830,L,J,L,I,LJLI
1831,L,J,L,J,LJLJ
1832,L,K,K,K,LKKK
1833,L,K,K,K,LKKK
1834,L,K,K,K,LKKK
1835,L,K,K,K,LKKK
1836,L,K,K,K,LKKK
1837,L,K,K,K,LKKK
1838,L,K,K,K,LKKK
1839,L,K,K,K,LKKK
1840,L,K,K,K,LKKK
1841,L,K,K,K,LKKK
1842,L,K,K,L,LKKL
1843,L,K,K,L,LKKL
1844,L,K,K,L,LKKL
1845,L,K,K,L,LKKL
1846,L,K,K,L,LKKL
1847,L,K,K,L,LKKL
1848,L,K,K,L,LKKL
1849,L,K,K,L,LKKL
1850,L,K,K,L,LKKL
1851,L,K,K,L,LKKL
1852,L,K,L,K,LKLK
1853,L,K,L,K,LKLK
1854,L,K,L,K,LKLK
1855,L,K,L,K,LKLK
1856,L,K,L,K,LKLK
1857,L,K,L,K,LKLK
1858,L,K,L,K,LKLK
1859,L,K,L,K,LKLK
1860,L,K,L,K,LKLK
1861,L,K,L,K,LKLK
1862,L,K,L,L,LKLL
1863,L,L,A,A,LLAA
1864,L,L,A,B,LLAB
1865,L,L,A,C,LLAC
1866,L,L,A,D,LLAD
1867,L,L,A,E,LLAE
1868,L,L,B,A,LLBA
1869,L,L,B,B,LLBB
1870,L,L,B,C,LLBC
1871,L,L,B,D,LLBD
1872,L,L,B,E,LLBE
1873,L,L,C,A,LLCA
1874,L,L,C,B,LLCB
1875,L,L,C,C,LLCC
1876,L,L,C,D,LLCD
1877,L,L,C,E,LLCE
1878,L,L,D,A,LLDA
1879,L,L,D,B,LLDB
1880,L,L,D,C,LLDC
1881,L,L,D,D,LLDD
1882,L,L,D,E,LLDE
1883,L,L,E,A,LLEA
1884,L,L,E,B,LLEB
1885,L,L,E,C,LLEC
1886,L,L,E,D,LLED
1887,L,L,E,E,LLEE
1888,L,L,F,F,LLFF
1889,L,L,F,G,LLFG
1890,L,L,F,H,LLFH
1891,L,L,F,I,LLFI
1892,L,L,F,J,LLFJ
1893,L,L,G,F,LLGF
1894,L,L,G,G,LLGG
1895,L,L,G,H,LLGH
1896,L,L,G,I,LLGI
1897,L,L,G,J,LLGJ
1898,L,L,H,F,LLHF
1899,L,L,H,G,LLHG
1900,L,L,H,H,LLHH
1901,L,L,H,I,LLHI
1902,L,L,H,J,LLHJ
1903,L,L,I,F,LLIF
1904,L,L,I,G,LLIG
1905,L,L,I,H,LLIH
1906,L,L,I,I,LLII
1907,L,L,I,J,LLIJ
1908,L,L,J,F,LLJF
1909,L,L,J,G,LLJG
1910,L,L,J,H,LLJH
1911,L,L,J,I,LLJI
1912,L,L,J,J,LLJJ
1913,L,K,L,L,LKLL
1914,L,K,L,L,LKLL
1915,L,K,L,L,LKLL
1916,L,K,L,L,LKLL
1917,L,K,L,L,LKLL
1918,L,K,L,L,LKLL
1919,L,K,L,L,LKLL
1920,L,K,L,L,LKLL
1921,L,K,L,L,LKLL
1922,L,L,K,K,LLKK
1923,L,L,K,K,LLKK
1924,L,L,K,K,LLKK
1925,L,L,K,K,LLKK
1926,L,L,K,K,LLKK
1927,L,L,K,K,LLKK
1928,L,L,K,K,LLKK
1929,L,L,K,K,LLKK
1930,L,L,K,K,LLKK
1931,L,L,K,K,LLKK
1932,L,L,K,L,LLKL
1933,L,L,K,L,LLKL
1934,L,L,K,L,LLKL
1935,L,L,K,L,LLKL
1936,L,L,K,L,LLKL
1937,L,L,K,L,LLKL
1938,L,L,K,L,LLKL
1939,L,L,K,L,LLKL
1940,L,L,K,L,LLKL
1941,L,L,K,L,LLKL
1942,L,L,L,K,LLLK
1943,L,L,L,L,LLLL
1944,L,L,L,K,LLLK
1945,L,L,L,K,LLLK
1946,L,L,L,K,LLLK
1947,L,L,L,K,LLLK
1948,L,L,L,K,LLLK
1949,L,L,L,K,LLLK
1950,L,L,L,K,LLLK
1951,L,L,L,K,LLLK
1952,L,L,L,K,LLLK
1953,A,A,A,A,AAAA
1954,A,A,A,A,AAAA
1955,A,A,A,A,AAAA
1956,A,A,A,A,AAAA
1957,B,B,B,B,BBBB
1958,B,B,B,B,BBBB
1959,B,B,B,B,BBBB
1960,B,B,B,B,BBBB
1961,C,C,C,C,CCCC
1962,C,C,C,C,CCCC
1963,C,C,C,C,CCCC
1964,C,C,C,C,CCCC
1965,D,D,D,D,DDDD
1966,D,D,D,D,DDDD
1967,D,D,D,D,DDDD
1968,D,D,D,D,DDDD
1969,E,E,E,E,EEEE
1970,E,E,E,E,EEEE
1971,E,E,E,E,EEEE
1972,E,E,E,E,EEEE
1973,F,F,F,F,FFFF
1974,F,F,F,F,FFFF
1975,F,F,F,F,FFFF
1976,F,F,F,F,FFFF
1977,G,G,G,G,GGGG
1978,G,G,G,G,GGGG
1979,G,G,G,G,GGGG
1980,G,G,G,G,GGGG
1981,H,H,H,H,HHHH
1982,H,H,H,H,HHHH
1983,H,H,H,H,HHHH
1984,H,H,H,H,HHHH
1985,I,I,I,I,IIII
1986,I,I,I,I,IIII
1987,I,I,I,I,IIII
1988,I,I,I,I,IIII
1989,J,J,J,J,JJJJ
1990,J,J,J,J,JJJJ
1991,J,J,J,J,JJJJ
1992,J,J,J,J,JJJJ
1993,K,K,K,K,KKKK
1994,K,K,K,K,KKKK
1995,K,K,K,K,KKKK
1996,K,K,K,K,KKKK
1997,L,L,L,L,LLLL
1998,L,L,L,L,LLLL
1999,L,L,L,L,LLLL
2000,L,L,L,L,LLLL
